Total Time,86400
dt,0.10000000000000001
TotalLength,4.3399999999999998e-05
percent,0
